<?xml version="1.0"?>
<!DOCTYPE hibernate-mapping PUBLIC "-//Hibernate/Hibernate Mapping DTD 3.0//EN"
"http://www.hibernate.org/dtd/hibernate-mapping-3.0.dtd">
<!-- Generated Jul 11, 2013 4:54:57 PM by Hibernate Tools 4.0.0 -->
<hibernate-mapping>
    <class name="Class" table="class" catalog="tutorials">
        <id name="classId" type="java.lang.Integer">
            <column name="CLASS_ID" />
            <generator class="identity" />
        </id>
        <property name="title" type="string">
            <column name="TITLE" length="10" not-null="true" unique="true" />
        </property>
        <property name="semester" type="string">
            <column name="SEMESTER" not-null="true" />
        </property>
        <set name="studentClasses" table="student_class" inverse="true" lazy="true" fetch="select">
            <key>
                <column name="CLASS_ID" not-null="true" />
            </key>
            <one-to-many class="StudentClass" />
        </set>
    </class>
</hibernate-mapping>
